Abomination,Galaxy Communications,2014-09-27 23:35:33,at least 20 frogs
Abomination,ARCAM Corporation,2014-09-29 22:10:18,
Abomination,Newton and Ridley,2014-10-02 00:21:46,
Abomination,RAMJAC,2014-10-09 23:44:46,
Abomination,Ferris Aircraft,2014-10-22 23:01:58,
Abomination,Omni Consumer Products,2014-10-25 21:28:21,
Abomination,General Products,2014-12-27 03:12:27,
Abomination,General Products,2015-04-01 06:07:31,
Abomination,Wonka's Chocolate Factory,2015-04-02 18:41:39,
Abomination,Stark Industries,2015-04-05 11:57:09,
Abomination,Oscorp,2015-04-08 01:57:58,
Abomination,Soder Cola,2015-05-16 22:06:56,
Abomination,Michael Scott Paper Company,2015-06-10 06:20:00,
Abomination,Anim-X,2015-06-15 08:39:54,
Abomination,Vaillante,2015-06-30 06:40:58,
Abomination,Stark Industries,2015-07-21 03:29:45,
Abomination,Massive Dynamic,2015-07-26 14:13:22,
Abomination,Daedalus Research Evaluation and Development Corporation,2015-08-19 02:58:37,
Abomination,Omni Consumer Products,2015-09-11 01:17:13,
Abomination,Waterloo Road Comprehensive,2015-09-12 16:59:08,
Abomination,AmerTek,2015-10-17 00:11:47,
Abomination,Iceberg Lounge,2015-10-20 00:35:09,
Abomination,Tyrell Corporation,2015-12-12 08:13:48,
Abomination,Kord Enterprises,2016-01-09 05:26:21,
Apocalypse,Vaillante,2014-09-15 05:41:18,a complete copy of the 1974 Encyclopaedia Britannica
Apocalypse,Roxxon Energy Corporation,2014-11-04 16:16:39,
Apocalypse,Soder Cola,2014-12-24 20:47:02,
Apocalypse,Landau Luckman and Lake,2014-12-27 17:56:07,
Apocalypse,ConHugeCo,2015-01-06 00:34:24,
Apocalypse,Ferris Aircraft,2015-02-10 10:16:54,
Apocalypse,Daedalus Research Evaluation and Development Corporation,2015-04-16 20:44:33,
Apocalypse,Kord Enterprises,2015-04-20 16:37:38,
Apocalypse,Dr. Zeus Inc.,2015-05-25 00:05:47,
Apocalypse,Ferris Aircraft,2015-08-30 14:49:33,
Apocalypse,Duff Beer,2015-09-03 12:53:10,
Apocalypse,Ace Chemicals,2015-09-14 01:26:52,
Apocalypse,Acme Corporation,2015-09-26 04:30:56,
Apocalypse,Jabot Cosmetics,2015-10-01 14:53:08,
Apocalypse,Buy More,2015-10-11 12:07:14,
Apocalypse,Galaxy Communications,2015-10-13 11:44:23,
Apocalypse,Monsters Inc.,2015-10-24 22:31:14,
Apocalypse,Big Belly Burger,2015-11-11 07:14:38,
Apocalypse,Oscorp,2015-11-25 19:30:39,
Apocalypse,Oscorp,2016-01-10 18:30:15,
Apocalypse,Anim-X,2016-02-02 14:39:48,
Bizzaro,Omni Consumer Products,2014-10-25 22:17:21,a deflated beach ball
Bizzaro,Monsters Inc.,2014-11-09 21:18:36,
Bizzaro,Roxxon Energy Corporation,2014-12-25 16:57:09,
Bizzaro,General Products,2015-01-02 22:43:58,
Bizzaro,Weyland-Yutani Corporation,2015-01-06 12:46:31,
Bizzaro,General Products,2015-01-23 08:29:51,
Bizzaro,General Products,2015-01-30 11:47:20,
Bizzaro,Daedalus Research Evaluation and Development Corporation,2015-02-12 14:09:30,
Bizzaro,GameCenter CX,2015-04-26 05:39:40,
Bizzaro,Monsters Inc.,2015-04-26 23:07:48,
Bizzaro,Hooper's Store,2015-05-12 11:46:38,
Bizzaro,Seburo,2015-07-02 10:45:59,
Bizzaro,Power Broker,2015-08-08 09:58:47,
Bizzaro,Dream Park,2015-09-03 00:52:16,
Bizzaro,Omni Consumer Products,2015-09-16 22:35:31,
Bizzaro,Michael Scott Paper Company,2015-09-20 08:56:42,
Bizzaro,Alchemax,2015-09-29 16:34:47,
Bizzaro,Ace o' Clubs,2015-10-29 03:32:09,
Bizzaro,Ferris Aircraft,2015-11-17 12:20:13,
Bizzaro,Daedalus Research Evaluation and Development Corporation,2015-11-17 14:15:57,
Bizzaro,Parker Industries,2015-12-22 06:56:04,
Bizzaro,GothCorp,2015-12-28 19:32:28,
Brainiac,Kord Enterprises,2014-09-11 06:13:15,John Hamm
Brainiac,Crosstime Traffic,2014-10-11 01:00:11,
Brainiac,Tyrell Corporation,2014-10-19 02:46:16,
Brainiac,Shadrack & Duxbury,2014-11-17 16:02:04,
Brainiac,Adipose Industries,2014-12-31 00:54:45,
Brainiac,Dream Park,2015-01-02 07:11:50,
Brainiac,L'Desh Fresh,2015-02-22 15:01:05,
Brainiac,Big Belly Burger,2015-03-10 09:00:43,
Brainiac,ARCAM Corporation,2015-03-18 12:05:47,
Brainiac,LexCorp,2015-05-28 19:31:54,
Brainiac,Ace o' Clubs,2015-07-02 23:39:16,
Brainiac,Duff Beer,2015-07-08 18:35:34,
Brainiac,ARCAM Corporation,2015-07-11 19:09:28,
Brainiac,Galaxy Communications,2015-07-13 16:10:50,
Brainiac,Anim-X,2015-08-06 10:02:19,
Brainiac,Dunder Mifflin,2015-08-10 16:02:18,
Brainiac,Anim-X,2015-08-17 12:51:26,
Brainiac,Brand Corporation,2015-09-03 17:29:13,
Brainiac,World Company,2015-09-05 19:07:27,
Brainiac,Octan,2015-09-08 14:35:02,
Brainiac,Buy n Large,2015-09-17 06:11:56,
Brainiac,Waterloo Road Comprehensive,2015-10-03 14:28:52,
Brainiac,Ferris Aircraft,2015-10-04 14:47:07,
Brainiac,Adipose Industries,2015-10-14 01:08:45,
Brainiac,Hooper's Store,2015-10-20 20:52:43,
Brainiac,Hooper's Store,2015-11-20 02:47:34,
Brainiac,Oscorp,2016-01-10 18:33:15,
Brainiac,The Monster Maker,2016-01-14 20:22:36,
Bullseye,Newton and Ridley,2014-09-08 12:11:25,red fish
Bullseye,ARCAM Corporation,2014-09-14 05:08:06,
Bullseye,Weyland-Yutani Corporation,2014-09-15 05:25:19,
Bullseye,Dunder Mifflin,2014-11-02 14:11:42,
Bullseye,Roxxon Energy Corporation,2014-11-04 06:33:57,
Bullseye,BuyTigers.com,2014-12-18 21:02:23,
Bullseye,Advanced Idea Mechanics,2015-01-15 22:03:50,
Bullseye,Contoso,2015-01-19 19:00:22,
Bullseye,General Products,2015-01-25 03:33:01,
Bullseye,LexCorp,2015-02-18 00:06:06,
Bullseye,Massive Dynamic,2015-03-04 04:29:52,
Bullseye,World Company,2015-03-16 16:30:13,
Bullseye,Wonka's Chocolate Factory,2015-04-06 14:00:03,
Bullseye,AmerTek,2015-04-14 17:51:35,
Bullseye,Alchemax,2015-04-20 13:47:04,
Bullseye,Duff Beer,2015-05-29 13:10:53,
Bullseye,ConHugeCo,2015-05-29 17:28:15,
Bullseye,Crosstime Traffic,2015-06-02 02:36:00,
Bullseye,Kitchen Table International,2015-06-14 06:52:06,
Bullseye,ARCAM Corporation,2015-07-06 03:54:40,
Bullseye,Parker Industries,2015-07-15 08:57:05,
Bullseye,Roxxon Energy Corporation,2015-07-29 14:02:18,
Bullseye,Golden Goblin Press,2015-07-31 06:49:56,
Bullseye,Omni Consumer Products,2015-10-02 20:05:46,
Bullseye,Vaillante,2015-11-24 09:32:23,
Bullseye,Roxxon Energy Corporation,2015-12-07 09:56:45,
Bullseye,Jabot Cosmetics,2016-01-01 07:07:53,
Bullseye,Landau Luckman and Lake,2016-01-26 07:48:32,
Cassandra Nova,Damage Control,2014-09-26 06:51:21,the Constitution
Cassandra Nova,Brand Corporation,2014-11-14 03:05:55,
Cassandra Nova,Haspel Corporation,2014-11-22 16:38:41,
Cassandra Nova,U.S. Robots and Mechanical Men,2014-11-23 22:37:36,
Cassandra Nova,Vaillante,2014-12-28 15:31:17,
Cassandra Nova,World Company,2015-05-09 23:58:16,
Cassandra Nova,Alchemax,2015-07-08 00:15:48,
Cassandra Nova,Kord Enterprises,2015-08-15 06:42:39,
Cassandra Nova,Blaze Comics,2015-08-16 23:28:52,
Cassandra Nova,Big Belly Burger,2015-09-14 21:03:51,
Cassandra Nova,Soder Cola,2015-09-28 07:50:24,
Cassandra Nova,Waterloo Road Comprehensive,2015-10-20 12:38:20,
Cassandra Nova,Michael Scott Paper Company,2015-11-16 20:16:24,
Cassandra Nova,World Company,2015-12-16 09:00:24,
Cassandra Nova,Vaillante,2015-12-31 14:43:15,
Cassandra Nova,Iceberg Lounge,2016-01-22 10:15:31,
Catwoman,Dr. Zeus Inc.,2014-10-11 13:25:32,your missing remote
Catwoman,Roxxon Energy Corporation,2014-11-24 23:46:01,
Catwoman,Waterloo Road Comprehensive,2014-11-26 20:48:48,
Catwoman,The Monster Maker,2015-01-09 01:57:00,
Catwoman,Wallenquist Organization,2015-02-12 05:38:19,
Catwoman,Wayne Enterprises,2015-03-26 15:08:45,
Catwoman,Wayne Enterprises,2015-05-11 20:20:52,
Catwoman,Brand Corporation,2015-05-13 12:27:56,
Catwoman,Omni Consumer Products,2015-05-19 20:24:56,
Catwoman,Haly's Circus,2015-05-31 17:53:22,
Catwoman,Halo Corporation,2015-07-17 11:34:33,
Catwoman,World Company,2015-08-06 17:38:27,
Catwoman,Oscorp,2015-08-19 15:03:39,
Catwoman,Newton and Ridley,2015-08-26 22:13:20,
Catwoman,GameCenter CX,2015-09-16 08:00:01,
Catwoman,GameCenter CX,2015-09-18 03:23:43,
Catwoman,Daedalus Research Evaluation and Development Corporation,2015-11-09 10:10:07,
Catwoman,Vaillante,2015-11-22 15:15:03,
Catwoman,Ferris Aircraft,2015-12-02 17:57:51,
Catwoman,Tyrell Corporation,2016-01-25 13:36:55,
Catwoman,Contoso,2016-01-27 13:39:06,
Catwoman,Bonk Business,2016-01-27 22:12:08,
Catwoman,Iceberg Lounge,2016-02-01 19:05:34,
Clayface,Mammoth Studios,2014-10-28 20:51:12,a foam finger
Clayface,Crosstime Traffic,2014-11-17 20:26:13,
Clayface,Omni Consumer Products,2014-12-14 08:34:00,
Clayface,Damage Control,2015-02-24 11:09:53,
Clayface,Omni Consumer Products,2015-05-11 00:20:01,
Clayface,Ace o' Clubs,2015-05-15 06:31:51,
Clayface,Soder Cola,2015-05-17 19:55:28,
Clayface,AmerTek,2015-07-29 19:06:47,
Clayface,Monsters Inc.,2015-08-05 23:00:21,
Clayface,Red Bedroom Records,2015-09-24 17:52:32,
Clayface,LexCorp,2015-10-19 13:28:10,
Clayface,Blaze Comics,2015-11-02 02:51:32,
Clayface,Advanced Idea Mechanics,2015-12-06 14:13:11,
Clayface,Iceberg Lounge,2016-01-16 08:45:22,
Cyborg Superman,Megacorporation,2014-09-08 03:33:36,donuts
Cyborg Superman,Dunder Mifflin,2014-09-09 01:09:21,
Cyborg Superman,Vaillante,2014-09-09 17:42:02,
Cyborg Superman,Weyland-Yutani Corporation,2014-11-01 17:11:20,
Cyborg Superman,Contoso,2014-11-05 03:17:18,
Cyborg Superman,Duff Beer,2014-12-06 19:00:56,
Cyborg Superman,Crudgington Brewery,2014-12-12 01:35:12,
Cyborg Superman,ConHugeCo,2014-12-18 02:44:49,
Cyborg Superman,Waterloo Road Comprehensive,2015-04-04 08:39:21,
Cyborg Superman,GothCorp,2015-05-21 09:08:50,
Cyborg Superman,Crosstime Traffic,2015-05-24 00:23:06,
Cyborg Superman,Roxxon Energy Corporation,2015-06-14 17:41:07,
Cyborg Superman,World Company,2015-07-13 07:50:28,
Cyborg Superman,Damage Control,2015-08-12 22:38:56,
Cyborg Superman,World Company,2015-08-14 18:17:13,
Cyborg Superman,Red Bedroom Records,2015-08-31 07:33:44,
Cyborg Superman,Bonsai Kitten,2015-09-10 03:12:15,
Cyborg Superman,Kord Enterprises,2015-10-18 17:19:39,
Cyborg Superman,Crosstime Traffic,2015-10-26 23:14:27,
Cyborg Superman,Duff Beer,2015-11-01 10:28:38,
Cyborg Superman,U.S. Robots and Mechanical Men,2015-11-03 01:56:59,
Cyborg Superman,Tyrell Corporation,2015-11-13 09:02:41,
Cyborg Superman,Ace o' Clubs,2015-12-22 03:10:59,
Cyborg Superman,Wonka's Chocolate Factory,2016-01-06 13:37:52,
Cyborg Superman,Dr. Zeus Inc.,2016-01-08 10:32:43,
Cyborg Superman,Wonka's Chocolate Factory,2016-01-19 23:12:54,
Dark Phoenix,World Company,2014-09-17 22:06:12,both Bert and Ernie
Dark Phoenix,Megacorporation,2014-10-12 18:48:58,
Dark Phoenix,Haly's Circus,2014-12-14 19:18:54,
Dark Phoenix,Roxxon Energy Corporation,2015-01-19 02:12:49,
Dark Phoenix,General Products,2015-01-23 07:48:51,
Dark Phoenix,Dream Park,2015-01-26 13:01:50,
Dark Phoenix,Massive Dynamic,2015-03-02 21:11:24,
Dark Phoenix,Iceberg Lounge,2015-03-08 01:25:15,
Dark Phoenix,Haly's Circus,2015-04-15 08:14:05,
Dark Phoenix,GothCorp,2015-04-21 10:29:21,
Dark Phoenix,National Motors Corporation,2015-04-29 10:44:01,
Dark Phoenix,Beyond Corporation,2015-05-06 12:13:51,
Dark Phoenix,AmerTek,2015-06-13 11:31:58,
Dark Phoenix,Bonk Business,2015-06-20 23:05:52,
Dark Phoenix,Fantastic Four Incorporated,2015-07-23 02:24:03,
Dark Phoenix,Haly's Circus,2015-11-03 11:30:16,
Dark Phoenix,Brand Corporation,2015-11-03 17:11:57,
Dark Phoenix,Vaillante,2015-11-08 18:50:49,
Dark Phoenix,Acme Corporation,2015-11-13 19:13:45,
Deadshot,Seburo,2014-09-17 20:36:23,the kitchen sink
Deadshot,Vaillante,2014-09-22 04:04:00,
Deadshot,RAMJAC,2014-09-29 03:57:38,
Deadshot,AmerTek,2014-10-17 12:13:48,
Deadshot,General Products,2014-10-29 15:53:20,
Deadshot,Octan,2014-11-08 21:12:33,
Deadshot,GameCenter CX,2014-12-05 13:23:49,
Deadshot,ARCAM Corporation,2014-12-11 03:41:11,
Deadshot,Red Bedroom Records,2015-02-11 08:54:47,
Deadshot,Vaillante,2015-03-04 00:28:24,
Deadshot,Brand Corporation,2015-03-20 23:56:53,
Deadshot,Struan's,2015-05-30 18:16:26,
Deadshot,BuyTigers.com,2015-06-01 10:39:31,
Deadshot,Shadrack & Duxbury,2015-07-28 01:02:36,
Deadshot,Octan,2015-08-17 06:28:46,
Deadshot,Wallenquist Organization,2015-08-20 03:19:31,
Deadshot,L'Desh Fresh,2015-08-26 15:35:33,
Deadshot,Parker Industries,2015-11-15 08:23:42,
Deadshot,BuyTigers.com,2015-12-08 11:51:24,
Deathstroke,Waterloo Road Comprehensive,2014-10-01 16:56:25,50 pen caps
Deathstroke,Galaxy Communications,2014-10-30 00:16:20,
Deathstroke,Newton and Ridley,2015-01-08 00:58:16,
Deathstroke,GothCorp,2015-01-14 11:16:56,
Deathstroke,Fantastic Four Incorporated,2015-02-25 11:31:21,
Deathstroke,Fantastic Four Incorporated,2015-03-15 01:30:56,
Deathstroke,Stagg Enterprises,2015-03-17 11:16:54,
Deathstroke,Hooper's Store,2015-03-23 15:36:14,
Deathstroke,Massive Dynamic,2015-04-24 00:45:41,
Deathstroke,Bonk Business,2015-05-14 14:16:25,
Deathstroke,Megacorporation,2015-06-22 04:15:16,
Deathstroke,Monsters Inc.,2015-07-08 21:52:41,
Deathstroke,Iceberg Lounge,2015-08-06 14:50:29,
Deathstroke,Landau Luckman and Lake,2015-10-10 13:35:29,
Deathstroke,U.S. Robots and Mechanical Men,2015-11-16 04:54:49,
Deathstroke,Shadrack & Duxbury,2015-11-18 05:33:03,
Deathstroke,Landau Luckman and Lake,2015-11-19 02:58:21,
Deathstroke,Advanced Idea Mechanics,2015-12-23 10:50:04,
Deathstroke,Iceberg Lounge,2016-01-14 05:42:59,
Deathstroke,GameCenter CX,2016-01-27 02:18:23,
Despero,Parker Industries,2014-10-26 17:06:56,a noisy alarm clock
Despero,Stark Industries,2014-11-22 00:15:30,
Despero,Contoso,2014-11-25 05:36:22,
Despero,Kitchen Table International,2014-12-03 12:28:50,
Despero,Struan's,2014-12-09 05:02:11,
Despero,Wallenquist Organization,2014-12-22 07:54:36,
Despero,Clothes Over Bro's,2015-03-01 12:29:05,
Despero,Crosstime Traffic,2015-03-09 13:54:58,
Despero,Haspel Corporation,2015-04-06 05:39:57,
Despero,General Products,2015-04-09 09:59:46,
Despero,Wayne Enterprises,2015-04-16 13:44:08,
Despero,L'Desh Fresh,2015-05-09 01:22:58,
Despero,Blaze Comics,2015-06-03 02:38:03,
Despero,Daedalus Research Evaluation and Development Corporation,2015-07-09 22:31:27,
Despero,Stark Industries,2015-07-23 23:08:42,
Despero,Kitchen Table International,2015-07-26 13:44:16,
Despero,Advanced Idea Mechanics,2015-08-01 11:17:10,
Despero,Fantastic Four Incorporated,2015-08-21 12:36:27,
Despero,GothCorp,2015-09-09 10:52:11,
Despero,Big Belly Burger,2015-09-11 00:28:00,
Despero,Advanced Idea Mechanics,2015-12-17 11:04:19,
Despero,Bonk Business,2015-12-21 05:13:12,
Despero,U.S. Robots and Mechanical Men,2016-01-29 04:06:39,
Doomsday,U.S. Robots and Mechanical Men,2014-09-07 10:57:39,a half full tube of toothpaste
Doomsday,Landau Luckman and Lake,2014-09-25 02:12:01,
Doomsday,Parker Industries,2014-10-02 20:06:50,
Doomsday,Big Belly Burger,2014-10-20 14:25:04,
Doomsday,Kord Enterprises,2014-10-22 20:29:12,
Doomsday,The Lightman Group,2014-11-01 03:03:31,
Doomsday,Adipose Industries,2014-11-05 22:57:54,
Doomsday,Contoso,2014-12-02 03:28:18,
Doomsday,The Lightman Group,2014-12-19 20:05:56,
Doomsday,General Products,2015-01-30 11:30:20,
Doomsday,Acme Corporation,2015-06-07 15:14:39,
Doomsday,Weyland-Yutani Corporation,2015-07-19 11:10:34,
Doomsday,Michael Scott Paper Company,2015-07-24 13:02:57,
Doomsday,Dunder Mifflin,2015-08-27 15:03:23,
Doomsday,Dream Park,2015-09-04 08:55:19,
Doomsday,Omni Consumer Products,2015-09-11 16:52:44,
Doomsday,Omni Consumer Products,2015-09-22 16:53:45,
Doomsday,Dr. Zeus Inc.,2015-12-16 11:13:38,
Doomsday,Ferris Aircraft,2015-12-18 10:37:25,
Doomsday,Fantastic Four Incorporated,2016-01-11 00:01:23,
Electro,Weyland-Yutani Corporation,2014-09-18 08:32:16,one fish
Electro,Tyrell Corporation,2014-09-19 15:32:12,
Electro,Shadrack & Duxbury,2014-09-27 10:06:59,
Electro,Contoso,2014-10-03 10:36:39,
Electro,Golden Goblin Press,2014-10-07 07:07:48,
Electro,ConHugeCo,2014-11-30 07:04:06,
Electro,Beyond Corporation,2014-12-31 11:27:18,
Electro,Bonk Business,2015-01-10 01:58:17,
Electro,Roxxon Energy Corporation,2015-01-24 02:21:31,
Electro,The Lightman Group,2015-03-01 23:00:10,
Electro,Stagg Enterprises,2015-03-17 11:23:54,
Electro,Landau Luckman and Lake,2015-04-03 12:29:43,
Electro,Massive Dynamic,2015-04-05 21:04:48,
Electro,AmerTek,2015-04-12 12:30:21,
Electro,Wonka's Chocolate Factory,2015-04-15 17:32:26,
Electro,Cross Technological Enterprises,2015-06-23 15:32:03,
Electro,Megacorporation,2015-09-06 17:37:39,
Electro,World Company,2015-12-06 04:25:34,
Electro,L'Desh Fresh,2015-12-28 23:15:01,
Galactus,Buy n Large,2014-09-22 21:04:21,USB cables
Galactus,ARCAM Corporation,2014-10-08 21:56:30,
Galactus,Haspel Corporation,2014-11-03 06:18:43,
Galactus,Bonsai Kitten,2014-11-11 17:58:14,
Galactus,Queen Industries,2014-11-12 17:47:44,
Galactus,Newton and Ridley,2014-12-20 20:50:45,
Galactus,Haspel Corporation,2014-12-31 20:15:39,
Galactus,Queen Industries,2015-01-20 12:35:03,
Galactus,Oscorp,2015-01-22 10:17:41,
Galactus,Kitchen Table International,2015-02-02 18:31:39,
Galactus,Parker Industries,2015-02-22 07:57:34,
Galactus,Beyond Corporation,2015-03-27 21:52:02,
Galactus,Octan,2015-03-31 10:41:09,
Galactus,Landau Luckman and Lake,2015-04-04 18:17:18,
Galactus,Ace Chemicals,2015-05-15 23:20:30,
Galactus,Adipose Industries,2015-06-04 09:20:29,
Galactus,Blaze Comics,2015-06-07 21:49:33,
Galactus,GothCorp,2015-06-11 10:10:17,
Galactus,Hooper's Store,2015-07-05 17:00:27,
Galactus,ARCAM Corporation,2015-08-02 08:19:00,
Galactus,Dream Park,2015-08-13 18:57:50,
Galactus,Megacorporation,2015-09-19 16:18:44,
Galactus,Vaillante,2015-10-01 03:31:44,
Galactus,Wonka's Chocolate Factory,2015-10-10 08:32:44,
Galactus,Massive Dynamic,2015-12-03 09:51:23,
Galactus,GothCorp,2015-12-15 08:24:53,
Galactus,U.S. Robots and Mechanical Men,2015-12-30 18:17:05,
Galactus,National Motors Corporation,2016-01-05 04:02:46,
Galactus,Clothes Over Bro's,2016-01-13 22:00:08,
Galactus,National Motors Corporation,2016-01-16 16:52:58,
Galactus,U.S. Robots and Mechanical Men,2016-01-29 04:29:39,
Gorilla Grodd,Waterloo Road Comprehensive,2014-09-27 13:17:03,two broccoli
Gorilla Grodd,Omni Consumer Products,2014-10-08 01:47:00,
Gorilla Grodd,Haly's Circus,2014-11-16 04:06:33,
Gorilla Grodd,Kord Enterprises,2014-12-04 12:45:24,
Gorilla Grodd,Wallenquist Organization,2014-12-19 05:01:48,
Gorilla Grodd,Ace Chemicals,2015-01-10 03:01:59,
Gorilla Grodd,Crosstime Traffic,2015-01-31 06:43:01,
Gorilla Grodd,Wonka's Chocolate Factory,2015-04-18 03:48:23,
Gorilla Grodd,Anim-X,2015-05-02 17:34:56,
Gorilla Grodd,Bonsai Kitten,2015-06-06 13:47:36,
Gorilla Grodd,Buy More,2015-07-13 23:50:59,
Gorilla Grodd,Dream Park,2015-08-15 07:05:55,
Gorilla Grodd,RAMJAC,2015-09-09 01:18:48,
Gorilla Grodd,GothCorp,2015-09-27 10:39:43,
Gorilla Grodd,Omni Consumer Products,2015-10-14 17:25:55,
Gorilla Grodd,Galaxy Communications,2015-10-18 11:29:38,
Gorilla Grodd,L'Desh Fresh,2015-10-23 02:39:11,
Gorilla Grodd,Soder Cola,2015-11-11 13:36:33,
Gorilla Grodd,BuyTigers.com,2015-11-26 08:57:42,
Gorilla Grodd,LexCorp,2015-12-11 10:16:45,
Gorilla Grodd,Dr. Zeus Inc.,2015-12-19 20:49:35,
Gorilla Grodd,ConHugeCo,2016-01-12 02:25:16,
Gorilla Grodd,Vaillante,2016-01-12 03:04:10,
Gorilla Grodd,Contoso,2016-01-23 23:57:44,
Gorilla Grodd,Struan's,2016-01-27 21:31:09,
Hobgoblin,U.S. Robots and Mechanical Men,2014-11-23 21:54:36,the Declaration of Independence
Hobgoblin,Yoyodyne,2014-11-29 04:04:31,
Hobgoblin,AmerTek,2014-12-12 08:12:55,
Hobgoblin,Iceberg Lounge,2015-02-19 01:04:30,
Hobgoblin,Jabot Cosmetics,2015-03-24 20:32:04,
Hobgoblin,Buy More,2015-04-10 23:06:47,
Hobgoblin,Sloane Curtis Advertising,2015-06-26 08:19:08,
Hobgoblin,RAMJAC,2015-07-11 00:54:20,
Hobgoblin,Power Broker,2015-07-27 11:08:48,
Hobgoblin,Golden Goblin Press,2015-08-09 10:42:52,
Hobgoblin,Adipose Industries,2015-09-07 18:29:44,
Hobgoblin,Duff Beer,2015-09-08 11:49:05,
Hobgoblin,Parker Industries,2015-10-07 04:40:21,
Hobgoblin,Damage Control,2015-10-21 19:10:05,
Hobgoblin,Ferris Aircraft,2015-11-17 12:25:13,
Hobgoblin,Michael Scott Paper Company,2016-01-03 12:27:25,
Hobgoblin,Haly's Circus,2016-01-14 03:29:05,
Juggernaut,Halo Corporation,2014-09-18 22:20:23,several poorly folded t-shirts
Juggernaut,Stark Industries,2014-11-07 15:58:36,
Juggernaut,L'Desh Fresh,2014-11-25 04:48:50,
Juggernaut,The Lightman Group,2014-12-17 04:33:18,
Juggernaut,Wallenquist Organization,2014-12-20 21:12:49,
Juggernaut,RAMJAC,2015-01-01 01:38:34,
Juggernaut,Jabot Cosmetics,2015-01-06 21:02:43,
Juggernaut,Clothes Over Bro's,2015-01-11 08:18:26,
Juggernaut,Haspel Corporation,2015-01-31 18:23:06,
Juggernaut,Haly's Circus,2015-02-16 19:59:51,
Juggernaut,Clothes Over Bro's,2015-03-13 18:52:40,
Juggernaut,General Products,2015-04-18 22:26:08,
Juggernaut,Dream Park,2015-04-20 04:59:00,
Juggernaut,Yoyodyne,2015-05-24 05:05:15,
Juggernaut,Daedalus Research Evaluation and Development Corporation,2015-06-08 11:38:15,
Juggernaut,RAMJAC,2015-11-07 08:04:12,
Juggernaut,Ace Chemicals,2015-12-15 22:11:37,
Kid Miracleman,Big Belly Burger,2014-09-21 06:05:27,two fish
Kid Miracleman,Ferris Aircraft,2014-09-30 09:48:27,
Kid Miracleman,Ace Chemicals,2014-10-04 20:36:10,
Kid Miracleman,Alchemax,2014-10-06 18:10:19,
Kid Miracleman,Mammoth Studios,2015-01-25 01:01:28,
Kid Miracleman,Queen Industries,2015-02-01 13:05:46,
Kid Miracleman,Bonsai Kitten,2015-02-13 09:15:18,
Kid Miracleman,Tyrell Corporation,2015-02-14 16:03:07,
Kid Miracleman,Monsters Inc.,2015-03-12 20:29:51,
Kid Miracleman,Blaze Comics,2015-03-16 15:16:05,
Kid Miracleman,National Motors Corporation,2015-05-02 11:09:47,
Kid Miracleman,Newton and Ridley,2015-05-30 07:17:56,
Kid Miracleman,Roxxon Energy Corporation,2015-07-14 20:08:51,
Kid Miracleman,Wayne Enterprises,2015-07-16 10:43:07,
Kid Miracleman,Kord Enterprises,2015-07-18 04:43:22,
Kid Miracleman,Mammoth Studios,2015-07-22 02:36:19,
Kid Miracleman,Landau Luckman and Lake,2015-09-05 08:05:54,
Kid Miracleman,Buy n Large,2015-10-02 22:17:39,
Kid Miracleman,Dream Park,2015-11-29 00:24:17,
Kid Miracleman,Contoso,2015-12-19 06:06:18,
Lady Deathstrike,Clothes Over Bro's,2014-09-17 01:33:47,a laptop
Lady Deathstrike,Roxxon Energy Corporation,2014-10-20 00:12:41,
Lady Deathstrike,Blaze Comics,2014-10-23 19:53:48,
Lady Deathstrike,Brand Corporation,2014-11-06 18:12:29,
Lady Deathstrike,Waterloo Road Comprehensive,2014-11-26 20:27:48,
Lady Deathstrike,Haspel Corporation,2014-12-03 14:06:14,
Lady Deathstrike,GothCorp,2015-02-09 02:33:28,
Lady Deathstrike,Stagg Enterprises,2015-02-22 19:39:12,
Lady Deathstrike,Ferris Aircraft,2015-04-18 04:42:36,
Lady Deathstrike,LexCorp,2015-04-26 12:57:49,
Lady Deathstrike,Mammoth Studios,2015-04-28 14:28:24,
Lady Deathstrike,Megacorporation,2015-07-08 17:09:44,
Lady Deathstrike,ARCAM Corporation,2015-07-11 18:16:28,
Lady Deathstrike,Halo Corporation,2015-07-20 05:27:07,
Lady Deathstrike,Ace Chemicals,2015-08-16 04:39:58,
Lady Deathstrike,Octan,2015-10-14 22:51:56,
Lady Deathstrike,GameCenter CX,2015-10-17 22:07:40,
Lady Deathstrike,Weyland-Yutani Corporation,2015-11-12 08:07:46,
Lady Deathstrike,Damage Control,2015-11-26 18:31:07,
Lady Deathstrike,Wallenquist Organization,2015-11-28 12:42:01,
Lady Deathstrike,Struan's,2015-12-10 12:28:39,
Lady Deathstrike,Cross Technological Enterprises,2015-12-27 03:05:34,
Lex Luthor,Power Broker,2014-11-10 09:18:50,a Toyota Prius
Lex Luthor,Daedalus Research Evaluation and Development Corporation,2014-12-15 02:36:07,
Lex Luthor,Ace Chemicals,2014-12-27 01:23:46,
Lex Luthor,L'Desh Fresh,2015-01-29 04:54:37,
Lex Luthor,Mammoth Studios,2015-02-03 17:36:35,
Lex Luthor,Fantastic Four Incorporated,2015-02-08 11:59:31,
Lex Luthor,Ferris Aircraft,2015-02-10 09:37:54,
Lex Luthor,Mammoth Studios,2015-03-06 14:17:34,
Lex Luthor,Halo Corporation,2015-04-19 12:14:50,
Lex Luthor,Wonka's Chocolate Factory,2015-06-18 18:31:37,
Lex Luthor,Fantastic Four Incorporated,2015-08-11 04:58:33,
Lex Luthor,Massive Dynamic,2015-08-16 18:02:34,
Lex Luthor,Massive Dynamic,2015-10-06 13:21:12,
Lex Luthor,L'Desh Fresh,2015-10-15 23:51:27,
Lex Luthor,Vaillante,2015-11-12 07:23:06,
Lex Luthor,L'Desh Fresh,2015-11-14 17:21:14,
Lex Luthor,Stark Industries,2015-12-01 21:37:07,
Lex Luthor,L'Desh Fresh,2015-12-17 01:10:04,
Lex Luthor,Buy More,2016-01-02 04:15:10,
Lex Luthor,Megacorporation,2016-01-22 16:57:16,
Lex Luthor,General Products,2016-01-24 11:21:38,
Loki,Power Broker,2014-09-10 19:37:51,a spare tire
Loki,Megacorporation,2014-10-03 18:12:08,
Loki,Beyond Corporation,2014-11-25 15:43:21,
Loki,Sloane Curtis Advertising,2014-12-02 21:43:08,
Loki,Jabot Cosmetics,2015-01-19 12:16:58,
Loki,GothCorp,2015-01-30 14:28:46,
Loki,Daedalus Research Evaluation and Development Corporation,2015-02-09 18:52:11,
Loki,Daedalus Research Evaluation and Development Corporation,2015-03-23 18:29:59,
Loki,Massive Dynamic,2015-04-14 20:28:58,
Loki,Clothes Over Bro's,2015-07-07 01:28:28,
Loki,Oscorp,2015-09-01 11:09:32,
Loki,Buy n Large,2015-11-27 07:24:04,
Loki,Struan's,2015-12-13 01:31:08,
Loki,Kord Enterprises,2015-12-20 15:02:46,
Loki,Ace Chemicals,2016-01-21 13:44:01,
Loki,Ace o' Clubs,2016-02-03 00:35:44,
Magneto,ARCAM Corporation,2014-11-24 22:44:23,a stovepipe hat
Magneto,Red Bedroom Records,2015-02-05 16:46:04,
Magneto,Roxxon Energy Corporation,2015-03-29 20:50:05,
Magneto,Mammoth Studios,2015-04-27 15:33:05,
Magneto,Beyond Corporation,2015-05-08 14:35:32,
Magneto,LexCorp,2015-05-18 04:06:12,
Magneto,Brand Corporation,2015-05-22 23:33:17,
Magneto,Duff Beer,2015-08-19 17:49:24,
Magneto,GothCorp,2015-08-25 05:09:28,
Magneto,Oscorp,2015-09-26 19:15:07,
Magneto,Tyrell Corporation,2015-10-27 15:56:32,
Magneto,Landau Luckman and Lake,2015-11-04 16:25:50,
Magneto,Sloane Curtis Advertising,2015-11-23 18:32:19,
Magneto,L'Desh Fresh,2015-12-13 07:07:20,
Magneto,Buy More,2016-01-12 21:06:35,
Magneto,Octan,2016-02-04 06:11:25,
Mastermind,Blaze Comics,2014-09-23 12:59:05,a counterfeit parrot
Mastermind,Power Broker,2014-10-16 18:56:22,
Mastermind,The Lightman Group,2014-12-17 04:09:18,
Mastermind,Soder Cola,2014-12-21 22:29:21,
Mastermind,Michael Scott Paper Company,2014-12-26 13:10:13,
Mastermind,Michael Scott Paper Company,2015-02-06 09:40:09,
Mastermind,ARCAM Corporation,2015-03-05 03:43:10,
Mastermind,Octan,2015-03-11 19:43:58,
Mastermind,Kitchen Table International,2015-03-22 01:36:50,
Mastermind,Ace o' Clubs,2015-04-02 03:43:09,
Mastermind,Contoso,2015-05-11 08:42:28,
Mastermind,ARCAM Corporation,2015-05-29 07:54:47,
Mastermind,Acme Corporation,2015-06-07 15:39:39,
Mastermind,Brand Corporation,2015-06-27 00:05:03,
Mastermind,BuyTigers.com,2015-08-01 09:28:23,
Mastermind,Fantastic Four Incorporated,2015-08-18 10:21:11,
Mastermind,Mammoth Studios,2015-08-19 22:47:57,
Mastermind,Waterloo Road Comprehensive,2015-08-29 05:15:58,
Mastermind,Shadrack & Duxbury,2015-09-30 09:14:07,
Mastermind,Wallenquist Organization,2015-10-24 00:14:38,
Mastermind,Dream Park,2015-10-30 14:37:59,
Mastermind,GothCorp,2015-11-01 07:36:02,
Mastermind,Red Bedroom Records,2016-01-05 13:09:44,
Mastermind,Queen Industries,2016-01-15 16:48:34,
Mr. Freeze,Advanced Idea Mechanics,2014-10-05 07:55:30,a lint roller
Mr. Freeze,U.S. Robots and Mechanical Men,2014-10-27 04:45:46,
Mr. Freeze,General Products,2014-12-04 14:01:57,
Mr. Freeze,Dunder Mifflin,2015-01-05 13:54:56,
Mr. Freeze,Power Broker,2015-01-19 21:48:23,
Mr. Freeze,RAMJAC,2015-03-11 16:28:35,
Mr. Freeze,GothCorp,2015-03-14 16:10:57,
Mr. Freeze,Cross Technological Enterprises,2015-03-22 20:51:46,
Mr. Freeze,Shadrack & Duxbury,2015-04-24 18:54:45,
Mr. Freeze,AmerTek,2015-04-25 04:02:38,
Mr. Freeze,Contoso,2015-05-22 18:40:12,
Mr. Freeze,AmerTek,2015-06-06 09:51:31,
Mr. Freeze,Oscorp,2015-06-16 08:56:59,
Mr. Freeze,Seburo,2015-07-02 11:19:59,
Mr. Freeze,RAMJAC,2015-07-13 06:53:54,
Mr. Freeze,ARCAM Corporation,2015-09-08 19:59:24,
Mr. Freeze,Dunder Mifflin,2015-09-24 01:55:12,
Mr. Freeze,Newton and Ridley,2015-11-17 02:36:33,
Mr. Freeze,Alchemax,2015-12-30 00:59:19,
Mr. Freeze,Iceberg Lounge,2016-01-24 09:00:26,
Odlaw,Haly's Circus,2014-09-12 08:21:50,broccoli
Odlaw,Queen Industries,2014-10-18 15:36:10,
Odlaw,World Company,2014-10-20 23:20:16,
Odlaw,Damage Control,2014-10-28 02:05:02,
Odlaw,Sloane Curtis Advertising,2014-11-07 23:49:42,
Odlaw,Wallenquist Organization,2014-11-12 07:00:26,
Odlaw,Big Belly Burger,2015-01-27 20:41:44,
Odlaw,Cross Technological Enterprises,2015-02-01 12:41:40,
Odlaw,Red Bedroom Records,2015-02-11 08:03:47,
Odlaw,Parker Industries,2015-03-03 15:47:55,
Odlaw,Dunder Mifflin,2015-03-07 10:39:58,
Odlaw,Hooper's Store,2015-04-28 15:38:15,
Odlaw,Kord Enterprises,2015-05-07 18:05:48,
Odlaw,The Monster Maker,2015-06-04 02:53:13,
Odlaw,General Products,2015-08-29 10:16:47,
Odlaw,Dr. Zeus Inc.,2015-09-29 07:48:39,
Odlaw,GothCorp,2015-10-07 19:00:15,
Odlaw,Struan's,2015-10-30 03:41:06,
Odlaw,ARCAM Corporation,2015-11-05 13:47:36,
Odlaw,Buy More,2015-11-05 15:52:09,
Odlaw,Sloane Curtis Advertising,2015-11-30 21:56:16,
Odlaw,Hooper's Store,2015-12-09 20:49:18,
Odlaw,Queen Industries,2015-12-24 08:42:48,
Odlaw,Soder Cola,2015-12-27 18:52:17,
Odlaw,Waterloo Road Comprehensive,2016-01-04 10:39:38,
Odlaw,Fantastic Four Incorporated,2016-01-10 09:29:50,
Odlaw,U.S. Robots and Mechanical Men,2016-01-19 08:48:40,
Odlaw,Wayne Enterprises,2016-01-20 17:40:38,
Odlaw,Contoso,2016-01-24 00:04:44,
Odlaw,Tyrell Corporation,2016-01-24 23:05:06,
Ozymandias,LexCorp,2014-09-24 02:24:50,denim
Ozymandias,Crosstime Traffic,2014-10-02 10:47:49,
Ozymandias,Stark Industries,2014-11-02 19:39:40,
Ozymandias,Galaxy Communications,2014-11-15 01:37:08,
Ozymandias,Bonsai Kitten,2014-12-06 08:02:28,
Ozymandias,Bonsai Kitten,2014-12-12 23:28:40,
Ozymandias,Wallenquist Organization,2014-12-15 03:46:06,
Ozymandias,Stagg Enterprises,2015-02-20 19:33:16,
Ozymandias,Dream Park,2015-05-01 17:30:07,
Ozymandias,Blaze Comics,2015-06-07 22:11:33,
Ozymandias,Kord Enterprises,2015-06-15 11:14:56,
Ozymandias,Alchemax,2015-06-21 03:40:54,
Ozymandias,Duff Beer,2015-07-18 14:13:41,
Ozymandias,World Company,2015-08-18 07:22:51,
Ozymandias,Power Broker,2015-08-24 06:44:24,
Ozymandias,Roxxon Energy Corporation,2015-09-06 11:52:55,
Ozymandias,LexCorp,2015-09-22 17:25:28,
Ozymandias,Alchemax,2015-11-10 13:09:06,
Ozymandias,Wonka's Chocolate Factory,2016-01-25 07:14:20,
Ozymandias,Cross Technological Enterprises,2016-02-04 10:59:06,
Parallax,World Company,2014-09-18 08:44:09,a mail truck
Parallax,Halo Corporation,2014-10-22 00:05:15,
Parallax,Sloane Curtis Advertising,2014-11-18 02:26:11,
Parallax,Halo Corporation,2014-11-28 13:47:28,
Parallax,Fantastic Four Incorporated,2014-12-22 19:45:21,
Parallax,Waterloo Road Comprehensive,2015-02-04 21:07:03,
Parallax,Omni Consumer Products,2015-02-14 06:54:46,
Parallax,U.S. Robots and Mechanical Men,2015-04-18 02:33:58,
Parallax,Bonsai Kitten,2015-04-25 16:17:46,
Parallax,Massive Dynamic,2015-04-26 23:31:38,
Parallax,Massive Dynamic,2015-05-21 04:27:12,
Parallax,Seburo,2015-05-29 20:08:23,
Parallax,Omni Consumer Products,2015-06-10 17:06:03,
Parallax,Beyond Corporation,2015-06-12 17:15:04,
Parallax,Waterloo Road Comprehensive,2015-07-13 10:56:39,
Parallax,Stark Industries,2015-09-29 14:54:42,
Parallax,Tyrell Corporation,2015-10-11 03:01:03,
Parallax,Mammoth Studios,2015-11-11 17:27:19,
Parallax,National Motors Corporation,2015-12-26 12:18:20,
Parallax,Soder Cola,2015-12-27 18:53:17,
Parallax,Halo Corporation,2015-12-29 21:05:57,
Parasite,Yoyodyne,2014-09-10 16:59:29,Canada. All of it.
Parasite,Ace Chemicals,2014-10-03 20:59:26,
Parasite,Power Broker,2014-10-16 18:04:22,
Parasite,Waterloo Road Comprehensive,2014-12-29 01:35:14,
Parasite,Stagg Enterprises,2015-01-04 08:36:51,
Parasite,Wallenquist Organization,2015-01-29 15:38:52,
Parasite,The Monster Maker,2015-01-31 18:51:59,
Parasite,Halo Corporation,2015-02-01 20:46:52,
Parasite,Wonka's Chocolate Factory,2015-02-02 19:03:00,
Parasite,BuyTigers.com,2015-02-04 13:34:18,
Parasite,Ferris Aircraft,2015-02-27 10:34:00,
Parasite,GothCorp,2015-03-19 17:39:37,
Parasite,Acme Corporation,2015-05-14 09:52:50,
Parasite,The Lightman Group,2015-05-15 10:52:21,
Parasite,Michael Scott Paper Company,2015-05-18 20:29:16,
Parasite,Queen Industries,2015-06-04 08:08:56,
Parasite,General Products,2015-06-10 17:57:42,
Parasite,Acme Corporation,2015-06-19 09:07:39,
Parasite,Hooper's Store,2015-07-10 10:00:38,
Parasite,Ferris Aircraft,2015-08-30 14:40:33,
Parasite,ConHugeCo,2015-09-01 06:04:34,
Parasite,L'Desh Fresh,2015-09-02 03:17:07,
Parasite,Weyland-Yutani Corporation,2015-11-06 01:14:35,
Poison Ivy,Newton and Ridley,2014-09-06 02:30:14,a bent-up coat hanger
Poison Ivy,Vaillante,2014-10-10 12:07:54,
Poison Ivy,Kord Enterprises,2014-10-30 13:54:00,
Poison Ivy,GothCorp,2014-11-06 20:14:03,
Poison Ivy,Ferris Aircraft,2014-11-07 15:36:21,
Poison Ivy,Big Belly Burger,2014-11-11 11:15:18,
Poison Ivy,Weyland-Yutani Corporation,2014-11-19 01:17:45,
Poison Ivy,Damage Control,2014-11-21 09:34:49,
Poison Ivy,BuyTigers.com,2015-01-13 17:18:31,
Poison Ivy,Power Broker,2015-02-05 14:05:09,
Poison Ivy,Big Belly Burger,2015-02-19 22:22:41,
Poison Ivy,The Monster Maker,2015-03-21 15:06:52,
Poison Ivy,Alchemax,2015-04-17 10:10:18,
Poison Ivy,Fantastic Four Incorporated,2015-05-21 19:57:27,
Poison Ivy,Bonk Business,2015-05-25 18:02:18,
Poison Ivy,Big Belly Burger,2015-06-11 20:14:02,
Poison Ivy,Buy More,2015-07-13 23:31:59,
Poison Ivy,GameCenter CX,2015-08-07 10:18:48,
Poison Ivy,Ace Chemicals,2015-08-22 07:22:48,
Poison Ivy,Blaze Comics,2015-09-28 07:32:41,
Poison Ivy,Wallenquist Organization,2015-10-01 15:28:10,
Poison Ivy,Haly's Circus,2015-10-08 21:04:42,
Poison Ivy,Ace Chemicals,2015-11-23 05:36:51,
Poison Ivy,Dream Park,2015-11-23 07:57:28,
Poison Ivy,Megacorporation,2016-01-04 03:27:07,
Poison Ivy,Beyond Corporation,2016-01-07 20:37:40,
Poison Ivy,Fantastic Four Incorporated,2016-01-12 12:47:47,
Poison Ivy,Roxxon Energy Corporation,2016-01-16 11:22:35,
Poison Ivy,Brand Corporation,2016-01-30 21:00:11,
Poison Ivy,Wayne Enterprises,2016-02-01 15:29:43,
Poison Ivy,AmerTek,2016-02-03 23:22:36,
Professor Zoom,The Monster Maker,2014-10-02 06:58:24,a villainous book
Professor Zoom,Galaxy Communications,2014-10-29 13:54:23,
Professor Zoom,World Company,2014-11-08 08:24:43,
Professor Zoom,Acme Corporation,2015-01-17 12:12:53,
Professor Zoom,General Products,2015-01-25 23:31:00,
Professor Zoom,Soder Cola,2015-02-04 23:27:34,
Professor Zoom,Hooper's Store,2015-03-11 05:46:54,
Professor Zoom,Crudgington Brewery,2015-03-28 15:39:32,
Professor Zoom,Crudgington Brewery,2015-03-30 07:55:11,
Professor Zoom,Ferris Aircraft,2015-04-05 00:56:26,
Professor Zoom,Oscorp,2015-04-05 02:10:22,
Professor Zoom,Haly's Circus,2015-04-21 11:06:29,
Professor Zoom,Stark Industries,2015-04-29 22:05:17,
Professor Zoom,Adipose Industries,2015-05-04 19:59:24,
Professor Zoom,Landau Luckman and Lake,2015-05-06 02:42:33,
Professor Zoom,General Products,2015-05-06 03:34:05,
Professor Zoom,Kitchen Table International,2015-05-10 21:48:48,
Professor Zoom,Stagg Enterprises,2015-07-04 09:59:18,
Professor Zoom,Newton and Ridley,2015-07-30 10:40:55,
Professor Zoom,Golden Goblin Press,2015-08-11 23:09:10,
Professor Zoom,Advanced Idea Mechanics,2015-08-30 16:22:23,
Professor Zoom,U.S. Robots and Mechanical Men,2015-10-05 13:25:26,
Professor Zoom,Acme Corporation,2015-11-21 22:17:28,
Professor Zoom,Kord Enterprises,2016-01-11 07:17:51,
Professor Zoom,Kord Enterprises,2016-01-31 14:27:09,
Prometheus,Dream Park,2014-09-12 16:43:39,blue fish
Prometheus,Galaxy Communications,2014-10-30 20:09:36,
Prometheus,Fantastic Four Incorporated,2014-10-31 08:20:44,
Prometheus,Crosstime Traffic,2014-12-11 12:43:00,
Prometheus,Clothes Over Bro's,2014-12-13 19:10:17,
Prometheus,Soder Cola,2014-12-22 21:33:16,
Prometheus,Dream Park,2014-12-30 13:57:00,
Prometheus,Massive Dynamic,2015-01-01 00:56:11,
Prometheus,Fantastic Four Incorporated,2015-01-01 15:44:02,
Prometheus,Waterloo Road Comprehensive,2015-01-17 10:15:29,
Prometheus,ARCAM Corporation,2015-02-26 11:49:54,
Prometheus,Soder Cola,2015-04-05 19:02:21,
Prometheus,Waterloo Road Comprehensive,2015-05-04 06:00:45,
Prometheus,Dunder Mifflin,2015-05-26 13:25:48,
Prometheus,Vaillante,2015-08-30 00:55:36,
Prometheus,Kitchen Table International,2015-09-13 02:48:43,
Prometheus,Wonka's Chocolate Factory,2015-09-29 04:19:13,
Prometheus,Iceberg Lounge,2015-10-12 19:27:49,
Prometheus,Wayne Enterprises,2015-10-15 12:23:58,
Prometheus,Haspel Corporation,2015-10-22 05:37:02,
Prometheus,Mammoth Studios,2015-10-26 00:56:51,
Prometheus,Shadrack & Duxbury,2015-12-03 01:37:43,
Prometheus,Weyland-Yutani Corporation,2015-12-04 08:59:55,
Prometheus,GameCenter CX,2015-12-12 22:21:43,
Prometheus,Iceberg Lounge,2016-01-18 06:42:58,
Red Skull,The Monster Maker,2014-09-11 12:25:48,a left-handed potato peeler
Red Skull,Sloane Curtis Advertising,2014-10-10 20:42:20,
Red Skull,Waterloo Road Comprehensive,2014-10-15 15:47:44,
Red Skull,RAMJAC,2014-12-23 16:36:24,
Red Skull,ARCAM Corporation,2015-01-04 21:32:13,
Red Skull,Soder Cola,2015-01-12 16:18:52,
Red Skull,World Company,2015-02-15 22:28:14,
Red Skull,Anim-X,2015-02-28 21:57:36,
Red Skull,Galaxy Communications,2015-03-04 11:03:12,
Red Skull,Stark Industries,2015-03-13 16:26:43,
Red Skull,Parker Industries,2015-03-28 20:16:27,
Red Skull,Octan,2015-04-22 01:20:04,
Red Skull,Sloane Curtis Advertising,2015-04-30 21:18:19,
Red Skull,Contoso,2015-05-27 12:43:52,
Red Skull,Soder Cola,2015-06-09 21:03:26,
Red Skull,Octan,2015-06-13 09:14:01,
Red Skull,RAMJAC,2015-07-21 11:53:38,
Red Skull,Contoso,2015-07-24 22:27:16,
Red Skull,Cross Technological Enterprises,2015-07-25 16:44:24,
Red Skull,Soder Cola,2015-08-01 02:10:03,
Red Skull,Kord Enterprises,2015-09-16 22:46:47,
Red Skull,Crosstime Traffic,2015-09-30 19:43:41,
Red Skull,Kord Enterprises,2015-10-29 18:26:38,
Red Skull,Acme Corporation,2015-11-05 03:13:46,
Red Skull,Mammoth Studios,2015-11-28 01:35:40,
Red Skull,Stark Industries,2015-12-09 01:13:10,
Sabretooth,Clothes Over Bro's,2014-09-30 06:49:23,the Denver Broncos
Sabretooth,Sloane Curtis Advertising,2014-10-18 22:25:36,
Sabretooth,The Lightman Group,2014-10-25 05:19:18,
Sabretooth,Stark Industries,2014-10-27 15:21:56,
Sabretooth,Daedalus Research Evaluation and Development Corporation,2014-11-23 05:12:08,
Sabretooth,Tyrell Corporation,2015-01-03 14:46:14,
Sabretooth,Haspel Corporation,2015-03-25 07:49:06,
Sabretooth,Wonka's Chocolate Factory,2015-03-25 16:39:50,
Sabretooth,Parker Industries,2015-06-21 16:19:11,
Sabretooth,Damage Control,2015-07-28 18:08:20,
Sabretooth,RAMJAC,2015-08-25 22:57:53,
Sabretooth,Omni Consumer Products,2015-09-12 23:55:34,
Sabretooth,Iceberg Lounge,2015-09-15 20:19:52,
Sabretooth,Megacorporation,2015-10-06 09:12:31,
Sabretooth,Galaxy Communications,2015-10-14 00:16:19,
Sabretooth,Stark Industries,2015-10-23 06:15:55,
Sabretooth,Octan,2015-11-10 19:33:00,
Sabretooth,GothCorp,2015-11-29 20:57:56,
Sabretooth,Contoso,2015-12-19 06:14:18,
Sabretooth,The Lightman Group,2016-01-06 21:51:25,
Sandman,Oscorp,2014-09-06 21:11:05,a lamp
Sandman,Power Broker,2014-09-10 19:56:51,
Sandman,Dream Park,2014-09-13 08:01:22,
Sandman,Wayne Enterprises,2014-09-14 12:37:00,
Sandman,U.S. Robots and Mechanical Men,2014-10-15 08:58:42,
Sandman,Cross Technological Enterprises,2014-10-29 21:54:52,
Sandman,Blaze Comics,2014-12-09 09:17:55,
Sandman,Octan,2015-03-08 18:07:39,
Sandman,Vaillante,2015-03-20 04:17:23,
Sandman,Golden Goblin Press,2015-06-09 08:10:17,
Sandman,Struan's,2015-06-10 13:29:45,
Sandman,Hooper's Store,2015-06-17 17:32:17,
Sandman,Wonka's Chocolate Factory,2015-06-26 15:05:33,
Sandman,Parker Industries,2015-06-29 07:34:05,
Sandman,Daedalus Research Evaluation and Development Corporation,2015-08-10 01:07:45,
Sandman,Stagg Enterprises,2015-10-01 07:11:57,
Sandman,Acme Corporation,2015-10-25 08:34:17,
Sandman,Omni Consumer Products,2015-10-31 10:54:48,
Sandman,Haly's Circus,2015-12-06 17:45:58,
Sandman,Advanced Idea Mechanics,2015-12-13 19:03:46,
Sandman,Beyond Corporation,2015-12-22 15:52:16,
Sandman,Beyond Corporation,2016-01-01 23:45:11,
Sandman,Ferris Aircraft,2016-01-28 20:47:30,
Scarecrow,Dunder Mifflin,2014-09-26 13:11:27,a Bedazzler
Scarecrow,GothCorp,2014-10-24 14:00:20,
Scarecrow,LexCorp,2014-11-11 05:51:12,
Scarecrow,Big Belly Burger,2014-11-15 06:27:34,
Scarecrow,Bonsai Kitten,2014-11-20 10:58:55,
Scarecrow,Galaxy Communications,2014-12-07 19:46:13,
Scarecrow,Omni Consumer Products,2014-12-24 15:40:19,
Scarecrow,The Monster Maker,2015-01-20 12:25:08,
Scarecrow,Stagg Enterprises,2015-02-03 03:36:23,
Scarecrow,Hooper's Store,2015-02-17 19:24:45,
Scarecrow,The Monster Maker,2015-02-24 19:52:41,
Scarecrow,Omni Consumer Products,2015-02-27 06:19:31,
Scarecrow,Hooper's Store,2015-03-04 16:06:49,
Scarecrow,Red Bedroom Records,2015-03-30 20:34:58,
Scarecrow,General Products,2015-05-27 22:42:59,
Scarecrow,Sloane Curtis Advertising,2015-06-24 06:24:27,
Scarecrow,RAMJAC,2015-06-29 22:36:15,
Scarecrow,Big Belly Burger,2015-07-12 18:45:39,
Scarecrow,Dr. Zeus Inc.,2015-08-31 12:31:00,
Scarecrow,BuyTigers.com,2015-10-16 16:33:42,
Scarecrow,Waterloo Road Comprehensive,2015-10-23 07:16:40,
Scarecrow,Omni Consumer Products,2015-11-08 01:40:42,
Scarecrow,General Products,2015-11-12 20:52:51,
Scarecrow,Iceberg Lounge,2015-11-21 00:32:20,
Scarecrow,Weyland-Yutani Corporation,2015-12-04 08:25:55,
Scarecrow,Sloane Curtis Advertising,2015-12-19 12:19:21,
Scarecrow,Massive Dynamic,2016-01-18 01:39:35,
Scarecrow,U.S. Robots and Mechanical Men,2016-01-20 15:33:12,
Scarecrow,Clothes Over Bro's,2016-01-23 10:17:03,
Sebastian Shaw,Weyland-Yutani Corporation,2014-09-18 16:16:29,an apple
Sebastian Shaw,Kord Enterprises,2014-10-05 04:52:25,
Sebastian Shaw,General Products,2014-10-11 16:06:52,
Sebastian Shaw,Megacorporation,2014-11-09 05:26:15,
Sebastian Shaw,Buy More,2014-12-10 07:46:52,
Sebastian Shaw,Weyland-Yutani Corporation,2015-01-12 11:22:00,
Sebastian Shaw,Stagg Enterprises,2015-03-13 19:02:41,
Sebastian Shaw,Roxxon Energy Corporation,2015-04-10 01:12:05,
Sebastian Shaw,Duff Beer,2015-04-14 09:15:25,
Sebastian Shaw,Kitchen Table International,2015-05-05 06:24:05,
Sebastian Shaw,Weyland-Yutani Corporation,2015-06-16 19:01:29,
Sebastian Shaw,AmerTek,2015-06-23 00:40:55,
Sebastian Shaw,L'Desh Fresh,2015-09-25 18:09:45,
Sebastian Shaw,Jabot Cosmetics,2015-10-02 10:27:29,
Sebastian Shaw,Queen Industries,2015-11-25 02:32:19,
Sebastian Shaw,Red Bedroom Records,2015-12-05 04:45:18,
Sebastian Shaw,Crosstime Traffic,2016-01-30 19:13:09,
Sentinels,Power Broker,2014-09-13 06:33:15,leather boots
Sentinels,GothCorp,2014-09-28 20:53:58,
Sentinels,Dr. Zeus Inc.,2014-10-12 10:14:29,
Sentinels,The Lightman Group,2014-10-13 01:36:37,
Sentinels,Daedalus Research Evaluation and Development Corporation,2014-10-17 16:42:01,
Sentinels,Mammoth Studios,2014-10-28 20:57:12,
Sentinels,Power Broker,2014-11-24 05:26:46,
Sentinels,Massive Dynamic,2015-01-07 04:49:24,
Sentinels,Roxxon Energy Corporation,2015-01-21 12:55:58,
Sentinels,Adipose Industries,2015-04-25 15:51:05,
Sentinels,Advanced Idea Mechanics,2015-05-24 09:07:16,
Sentinels,Bonsai Kitten,2015-06-06 13:07:36,
Sentinels,Jabot Cosmetics,2015-06-09 03:52:31,
Sentinels,Cross Technological Enterprises,2015-08-23 16:41:42,
Sentinels,Fantastic Four Incorporated,2015-12-28 06:26:00,
Sentinels,Damage Control,2016-01-03 01:16:41,
Shredder,Yoyodyne,2014-09-25 05:58:35,camping supplies
Shredder,Roxxon Energy Corporation,2014-11-04 17:07:39,
Shredder,Cross Technological Enterprises,2015-01-26 21:35:32,
Shredder,Damage Control,2015-02-21 16:39:54,
Shredder,Newton and Ridley,2015-02-22 10:00:35,
Shredder,Clothes Over Bro's,2015-02-27 23:25:50,
Shredder,RAMJAC,2015-04-08 20:16:16,
Shredder,Oscorp,2015-04-23 23:57:31,
Shredder,Bonk Business,2015-06-04 09:29:47,
Shredder,Buy More,2015-06-19 05:47:44,
Shredder,L'Desh Fresh,2015-06-20 21:18:18,
Shredder,Seburo,2015-08-04 09:33:59,
Shredder,Soder Cola,2015-08-23 07:07:03,
Shredder,Big Belly Burger,2015-09-21 22:24:29,
Shredder,Queen Industries,2015-10-26 14:07:43,
Shredder,BuyTigers.com,2015-12-14 08:33:33,
Shredder,Octan,2016-01-26 09:09:16,
Sinetsro,Waterloo Road Comprehensive,2014-09-30 21:10:16,the Mona Lisa
Sinetsro,Dream Park,2014-11-12 02:46:34,
Sinetsro,Wallenquist Organization,2014-11-13 07:13:47,
Sinetsro,Acme Corporation,2014-11-18 03:02:37,
Sinetsro,Clothes Over Bro's,2014-11-23 21:21:39,
Sinetsro,Duff Beer,2014-11-26 05:01:05,
Sinetsro,Damage Control,2014-12-29 08:10:19,
Sinetsro,Michael Scott Paper Company,2015-01-10 11:57:41,
Sinetsro,Acme Corporation,2015-01-11 22:13:10,
Sinetsro,Power Broker,2015-06-06 19:49:37,
Sinetsro,Daedalus Research Evaluation and Development Corporation,2015-06-18 12:13:57,
Sinetsro,Fantastic Four Incorporated,2015-06-20 00:50:38,
Sinetsro,Jabot Cosmetics,2015-06-28 12:47:25,
Sinetsro,Yoyodyne,2015-07-09 01:12:19,
Sinetsro,National Motors Corporation,2015-07-15 19:08:38,
Sinetsro,Kord Enterprises,2015-08-03 05:14:17,
Sinetsro,General Products,2015-08-09 20:51:58,
Sinetsro,Shadrack & Duxbury,2015-10-08 11:21:57,
Sinetsro,Megacorporation,2015-10-20 13:54:44,
Sinetsro,The Lightman Group,2015-11-06 09:20:05,
Sinetsro,RAMJAC,2015-11-10 04:28:37,
The Governor,Wayne Enterprises,2014-09-14 12:34:00,the handle of a toothbrush
The Governor,Vaillante,2014-09-22 13:43:08,
The Governor,Haspel Corporation,2014-10-16 03:06:25,
The Governor,Waterloo Road Comprehensive,2014-11-17 02:12:25,
The Governor,Jabot Cosmetics,2014-11-17 04:12:33,
The Governor,World Company,2014-11-17 22:07:21,
The Governor,General Products,2014-11-29 15:18:09,
The Governor,Red Bedroom Records,2014-12-08 08:38:16,
The Governor,L'Desh Fresh,2014-12-16 03:46:50,
The Governor,Massive Dynamic,2015-01-15 01:29:16,
The Governor,Bonsai Kitten,2015-02-06 17:19:07,
The Governor,Damage Control,2015-03-11 06:44:12,
The Governor,Parker Industries,2015-04-03 04:11:36,
The Governor,Ferris Aircraft,2015-05-03 12:08:33,
The Governor,GameCenter CX,2015-05-07 01:44:53,
The Governor,Vaillante,2015-05-20 03:35:11,
The Governor,Power Broker,2015-06-04 06:58:39,
The Governor,ARCAM Corporation,2015-06-17 09:46:44,
The Governor,Parker Industries,2015-06-25 01:05:15,
The Governor,The Lightman Group,2015-07-12 12:10:38,
The Governor,Golden Goblin Press,2015-07-16 08:27:53,
The Governor,Dream Park,2015-07-16 16:07:04,
The Governor,Dunder Mifflin,2015-08-06 20:31:02,
The Governor,Wallenquist Organization,2015-09-18 15:52:39,
The Governor,Cross Technological Enterprises,2015-10-01 14:51:12,
The Governor,Landau Luckman and Lake,2016-01-18 20:22:09,
The Governor,Buy n Large,2016-01-30 03:22:27,
The Leader,BuyTigers.com,2014-09-14 07:16:15,one grape
The Leader,Mammoth Studios,2014-09-16 02:14:20,
The Leader,Dr. Zeus Inc.,2014-09-16 07:55:00,
The Leader,Adipose Industries,2014-09-18 01:32:29,
The Leader,Galaxy Communications,2014-10-30 19:11:36,
The Leader,Wonka's Chocolate Factory,2014-11-06 12:58:34,
The Leader,Blaze Comics,2014-11-19 22:09:39,
The Leader,Clothes Over Bro's,2014-12-30 01:36:56,
The Leader,Fantastic Four Incorporated,2015-01-18 03:36:52,
The Leader,Octan,2015-01-29 13:42:55,
The Leader,Omni Consumer Products,2015-02-27 07:01:31,
The Leader,Wonka's Chocolate Factory,2015-03-30 18:36:51,
The Leader,Anim-X,2015-04-17 09:51:39,
The Leader,Clothes Over Bro's,2015-05-05 05:22:42,
The Leader,Hooper's Store,2015-05-21 16:23:07,
The Leader,Dr. Zeus Inc.,2015-05-27 06:22:43,
The Leader,Adipose Industries,2015-06-05 20:18:13,
The Leader,ConHugeCo,2015-07-03 21:02:59,
The Leader,National Motors Corporation,2015-08-03 15:54:28,
The Leader,Stagg Enterprises,2015-08-06 04:41:52,
The Leader,World Company,2015-08-18 07:42:51,
The Leader,Dunder Mifflin,2015-09-15 11:14:55,
The Leader,Power Broker,2015-12-08 02:57:31,
The Leader,Brand Corporation,2015-12-13 13:27:25,
The Leader,Dr. Zeus Inc.,2015-12-26 01:22:45,
The Leader,Advanced Idea Mechanics,2016-01-21 20:16:51,
The Shade,Alchemax,2014-10-14 09:54:56,a cowboy hat
The Shade,Mammoth Studios,2014-11-16 02:02:36,
The Shade,Haspel Corporation,2014-11-22 17:36:41,
The Shade,Cross Technological Enterprises,2014-12-20 13:20:03,
The Shade,Blaze Comics,2015-01-24 03:40:10,
The Shade,Queen Industries,2015-02-07 12:47:04,
The Shade,Struan's,2015-02-16 16:18:57,
The Shade,Adipose Industries,2015-03-05 17:11:14,
The Shade,Stark Industries,2015-03-20 23:51:05,
The Shade,GameCenter CX,2015-03-27 11:00:56,
The Shade,Massive Dynamic,2015-03-30 20:20:02,
The Shade,Big Belly Burger,2015-04-03 11:48:45,
The Shade,AmerTek,2015-04-14 18:04:35,
The Shade,Power Broker,2015-04-23 01:44:32,
The Shade,Waterloo Road Comprehensive,2015-04-25 09:39:16,
The Shade,Bonk Business,2015-05-14 14:18:25,
The Shade,Blaze Comics,2015-05-30 14:14:04,
The Shade,Fantastic Four Incorporated,2015-08-05 01:29:53,
The Shade,Alchemax,2015-09-21 02:48:11,
The Shade,Dunder Mifflin,2016-01-22 20:10:38,
Two-Face,Duff Beer,2014-09-11 06:12:50,office supplies
Two-Face,Contoso,2014-09-20 06:01:17,
Two-Face,RAMJAC,2014-10-01 01:48:02,
Two-Face,BuyTigers.com,2014-10-08 23:17:26,
Two-Face,Clothes Over Bro's,2014-10-31 12:53:09,
Two-Face,AmerTek,2014-11-30 18:04:00,
Two-Face,Damage Control,2014-12-03 15:25:26,
Two-Face,GameCenter CX,2014-12-05 12:38:49,
Two-Face,L'Desh Fresh,2014-12-21 17:31:14,
Two-Face,Red Bedroom Records,2015-01-13 08:22:57,
Two-Face,Damage Control,2015-03-04 18:09:04,
Two-Face,Landau Luckman and Lake,2015-03-15 19:19:51,
Two-Face,Haspel Corporation,2015-03-24 09:16:16,
Two-Face,Contoso,2015-07-01 02:50:31,
Two-Face,Haly's Circus,2015-09-23 06:57:04,
Two-Face,Tyrell Corporation,2015-12-12 07:27:48,
Two-Face,Haspel Corporation,2016-01-11 12:30:28,
Two-Face,Ace o' Clubs,2016-01-24 21:56:45,
Ultron,Bonsai Kitten,2014-09-07 12:41:44,a not-so-magic eight ball
Ultron,Yoyodyne,2014-09-10 17:07:29,
Ultron,Haly's Circus,2014-11-22 09:13:55,
Ultron,Oscorp,2014-12-01 07:43:55,
Ultron,Ace o' Clubs,2014-12-29 10:53:57,
Ultron,Contoso,2015-01-02 10:57:59,
Ultron,Waterloo Road Comprehensive,2015-01-16 22:48:42,
Ultron,Yoyodyne,2015-02-20 23:34:57,
Ultron,Ace o' Clubs,2015-04-07 09:43:50,
Ultron,Crudgington Brewery,2015-04-13 00:09:35,
Ultron,Stark Industries,2015-04-25 23:48:33,
Ultron,Dunder Mifflin,2015-06-05 05:35:57,
Ultron,Wallenquist Organization,2015-07-05 07:08:19,
Ultron,Soder Cola,2015-08-21 10:07:35,
Ultron,Buy n Large,2015-10-11 07:45:56,
William Stryker,Seburo,2014-10-06 07:49:12,D. B. Cooper
William Stryker,Big Belly Burger,2014-12-05 21:39:55,
William Stryker,Haly's Circus,2014-12-25 04:54:04,
William Stryker,Kord Enterprises,2015-01-15 16:44:51,
William Stryker,Michael Scott Paper Company,2015-01-16 02:39:23,
William Stryker,Seburo,2015-02-15 13:09:22,
William Stryker,L'Desh Fresh,2015-03-01 08:06:00,
William Stryker,Red Bedroom Records,2015-03-05 09:13:53,
William Stryker,Buy n Large,2015-03-19 10:05:59,
William Stryker,AmerTek,2015-05-31 04:26:14,
William Stryker,BuyTigers.com,2015-06-01 10:37:31,
William Stryker,GothCorp,2015-06-11 10:13:17,
William Stryker,Octan,2015-09-28 09:33:49,
William Stryker,Dunder Mifflin,2015-10-09 21:15:59,
William Stryker,Wonka's Chocolate Factory,2015-10-11 22:38:51,
William Stryker,GameCenter CX,2015-12-25 06:13:23,
William Stryker,Stagg Enterprises,2016-01-03 02:27:36,
William Stryker,Buy More,2016-01-17 17:26:54,
William Stryker,Clothes Over Bro's,2016-02-01 05:40:18,
Zoom,GothCorp,2014-10-13 19:46:48,Golden Girls on DVD
Zoom,Parker Industries,2014-10-26 16:23:56,
Zoom,Buy More,2014-11-20 12:02:00,
Zoom,ARCAM Corporation,2014-11-27 16:53:33,
Zoom,Dunder Mifflin,2015-01-22 06:34:46,
Zoom,Ace Chemicals,2015-01-28 09:32:38,
Zoom,Stagg Enterprises,2015-02-03 04:06:23,
Zoom,Newton and Ridley,2015-02-14 11:55:19,
Zoom,Kitchen Table International,2015-02-23 18:28:55,
Zoom,Dunder Mifflin,2015-04-11 15:27:56,
Zoom,Crudgington Brewery,2015-04-13 00:42:35,
Zoom,Halo Corporation,2015-04-13 20:29:50,
Zoom,Anim-X,2015-05-02 18:11:56,
Zoom,Roxxon Energy Corporation,2015-06-25 14:16:20,
Zoom,Haly's Circus,2015-06-27 20:50:11,
Zoom,Bonk Business,2015-07-02 02:34:50,
Zoom,Seburo,2015-08-04 09:36:59,
Zoom,Kord Enterprises,2015-08-20 19:54:06,
Zoom,Ferris Aircraft,2015-08-28 07:36:54,
Zoom,GameCenter CX,2015-09-18 05:49:42,
Zoom,Yoyodyne,2015-10-13 04:03:09,
Zoom,Oscorp,2015-10-28 14:34:39,
Zoom,Megacorporation,2016-01-06 11:29:03,
Zoom,Adipose Industries,2016-01-10 02:16:32,
